"R1A","WORCESTERSHIRE HEALTH AND CARE NHS TRUST","Y55","Q77","ISAAC MADDOX HOUSE","SHRUB HILL INDUSTRIAL ESTATE","","WORCESTER","WORCESTERSHIRE","WR4 9RW","20110701","","","","","","","","","","","0","","F","","",""
"R1C","SOLENT NHS TRUST","Y57","Q70","SOLENT NHS TRUST HEADQUARTERS","HIGHPOINT VENUE","BURSLEDON ROAD","SOUTHAMPTON","HAMPSHIRE","SO19 8BR","20110401","","","","","","","","","","","0","","J","","",""
"R1D","SHROPSHIRE COMMUNITY HEALTH NHS TRUST","Y55","Q76","WILLIAM FARR HOUSE","MYTTON OAK ROAD","","SHREWSBURY","SHROPSHIRE","SY3 8XL","20110701","","","","","","","","","","","0","","E","","",""
"R1E","STAFFORDSHIRE AND STOKE ON TRENT PARTNERSHIP NHS TRUST","Y55","Q76","2ND FLOOR, MORSTON HOUSE","","","NEWCASTLE-UNDER-LYME","STAFFORDSHIRE","ST5 1QG","20110901","","","","","","","","","","","0","","E","","",""
"R1F","ISLE OF WIGHT NHS TRUST","Y57","Q70","ST MARY'S HOSPITAL","PARKHURST ROAD","","NEWPORT","ISLE OF WIGHT","PO30 5TG","20120401","","","","","","","","","","","0","","J","","",""
"R1G","TORBAY AND SOUTHERN DEVON HEALTH AND CARE NHS TRUST","Y57","Q80","BAY HOUSE, UNIT 2","RIVIERA PARK","NICHOLSON ROAD","TORQUAY","DEVON","TQ2 7TD","20120401","20150930","","","","","","","","","","0","","K","","",""
"R1H","BARTS HEALTH NHS TRUST","Y56","Q71","THE ROYAL LONDON HOSPITAL","WHITECHAPEL","","LONDON","GREATER LONDON","E1 1BB","20120401","","","","","","","","","","","0","","H","","",""
"R1J","GLOUCESTERSHIRE CARE SERVICES NHS TRUST","Y57","Q82","EDWARD JENNER COURT","1010 PIONEER AVENUE","GLOUCESTER BUSINESS PK, BROCKWORTH","GLOUCESTER","GLOUCESTERSHIRE","GL3 4AW","20130322","","","","","","","","","","","0","","J","","",""
"R1K","LONDON NORTH WEST HEALTHCARE NHS TRUST","Y56","Q71","NORTHWICK PARK HOSPITAL","WATFORD ROAD","","HARROW","MIDDLESEX","HA1 3UJ","20141001","","","","","","","","","","","0","","H","","",""
"RA2","ROYAL SURREY COUNTY HOSPITAL NHS FOUNDATION TRUST","Y57","Q81","EGERTON ROAD","","","GUILDFORD","SURREY","GU2 7XX","19910401","","","","","","","","","","","0","","J","","",""
"RA3","WESTON AREA HEALTH NHS TRUST","Y57","Q80","WESTON GENERAL HOSPITAL","GRANGE ROAD","UPHILL","WESTON-SUPER-MARE","AVON","BS23 4TQ","19910401","","","","","","","","","","","0","","K","","",""
"RA4","YEOVIL DISTRICT HOSPITAL NHS FOUNDATION TRUST","Y57","Q80","YEOVIL DISTRICT HOSPITAL","HIGHER KINGSTON","","YEOVIL","SOMERSET","BA21 4AT","19910401","","","","","","","","","","","0","","K","","",""
"RA7","UNIVERSITY HOSPITALS BRISTOL NHS FOUNDATION TRUST","Y57","Q80","MARLBOROUGH STREET","","","BRISTOL","AVON","BS1 3NU","19910401","","","","","","","","","","","0","","K","","",""
"RA9","TORBAY AND SOUTH DEVON NHS FOUNDATION TRUST","Y57","Q80","HENGRAVE HOUSE","TORBAY HOSPITAL","NEWTON ROAD","TORQUAY","DEVON","TQ2 7AA","19910401","","","","","","","","","","","0","","K","","",""
"RAE","BRADFORD TEACHING HOSPITALS NHS FOUNDATION TRUST","Y54","Q72","BRADFORD ROYAL INFIRMARY","DUCKWORTH LANE","","BRADFORD","WEST YORKSHIRE","BD9 6RJ","19910401","","","","","","","","","","","0","","D","","",""
"RAJ","SOUTHEND UNIVERSITY HOSPITAL NHS FOUNDATION TRUST","Y55","Q79","PRITTLEWELL CHASE","","","WESTCLIFF-ON-SEA","ESSEX","SS0 0RY","19910401","","","","","","","","","","","0","","G","","",""
"RAL","ROYAL FREE LONDON NHS FOUNDATION TRUST","Y56","Q71","ROYAL FREE HOSPITAL","POND STREET","","LONDON","GREATER LONDON","NW3 2QG","19910401","","","","","","","","","","","0","","H","","",""
"RAN","ROYAL NATIONAL ORTHOPAEDIC HOSPITAL NHS TRUST","Y56","Q71","BROCKLEY HILL","","","STANMORE","MIDDLESEX","HA7 4LP","19910401","","","","","","","","","","","0","","H","","",""
"RAP","NORTH MIDDLESEX UNIVERSITY HOSPITAL NHS TRUST","Y56","Q71","STERLING WAY","","","LONDON","GREATER LONDON","N18 1QX","19910401","","","","","","","","","","","0","","H","","",""
"RAS","THE HILLINGDON HOSPITALS NHS FOUNDATION TRUST","Y56","Q71","PIELD HEATH ROAD","","","UXBRIDGE","MIDDLESEX","UB8 3NN","19910401","","","","","","","","","","","0","","H","","",""
"RAT","NORTH EAST LONDON NHS FOUNDATION TRUST","Y56","Q71","TANTALLON HOUSE","GOODMAYES HOSPITAL SITE","BARLEY LANE","ILFORD","ESSEX","IG3 8XJ","20010401","","","","","","","","","","","0","","H","","",""
"RAX","KINGSTON HOSPITAL NHS FOUNDATION TRUST","Y56","Q71","GALSWORTHY ROAD","","","KINGSTON UPON THAMES","SURREY","KT2 7QB","19910401","","","","","","","","","","","0","","H","","",""
"RBA","TAUNTON AND SOMERSET NHS FOUNDATION TRUST","Y57","Q80","MUSGROVE PARK HOSPITAL","","","TAUNTON","SOMERSET","TA1 5DA","19910401","","","","","","","","","","","0","","K","","",""
"RBD","DORSET COUNTY HOSPITAL NHS FOUNDATION TRUST","Y57","Q70","DORSET COUNTY HOSPITAL","WILLIAMS AVENUE","","DORCHESTER","DORSET","DT1 2JY","19910401","","","","","","","","","","","0","","J","","",""
"RBK","WALSALL HEALTHCARE NHS TRUST","Y55","Q77","MANOR HOSPITAL","MOAT ROAD","","WALSALL","WEST MIDLANDS","WS2 9PS","19910401","","","","","","","","","","","0","","F","","",""
"RBL","WIRRAL UNIVERSITY TEACHING HOSPITAL NHS FOUNDATION TRUST","Y54","Q75","ARROWE PARK HOSPITAL","ARROWE PARK ROAD","UPTON","WIRRAL","MERSEYSIDE","CH49 5PE","19910401","","","","","","","","","","","0","","B","","",""
"RBN","ST HELENS AND KNOWSLEY HOSPITAL SERVICES NHS TRUST","Y54","Q75","WHISTON HOSPITAL","WARRINGTON ROAD","","PRESCOT","MERSEYSIDE","L35 5DR","19910401","","","","","","","","","","","0","","B","","",""
"RBQ","LIVERPOOL HEART AND CHEST HOSPITAL NHS FOUNDATION TRUST","Y54","Q75","THOMAS DRIVE","","","LIVERPOOL","MERSEYSIDE","L14 3PE","19910401","","","","","","","","","","","0","","B","","",""
"RBS","ALDER HEY CHILDREN'S NHS FOUNDATION TRUST","Y54","Q75","ALDER HEY HOSPITAL","EATON ROAD","WEST DERBY","LIVERPOOL","MERSEYSIDE","L12 2AP","19910401","","","","","","","","","","","0","","B","","",""
"RBT","MID CHESHIRE HOSPITALS NHS FOUNDATION TRUST","Y54","Q75","LEIGHTON HOSPITAL","LEIGHTON","","CREWE","CHESHIRE","CW1 4QJ","19910401","","","","","","","","","","","0","","B","","",""
"RBV","THE CHRISTIE NHS FOUNDATION TRUST","Y54","Q83","550 WILMSLOW ROAD","WITHINGTON","","MANCHESTER","GREATER MANCHESTER","M20 4BX","19910401","","","","","","","","","","","1","","B","","",""
"RBZ","NORTHERN DEVON HEALTHCARE NHS TRUST","Y57","Q80","NORTH DEVON DISTRICT HOSPITAL","RALEIGH PARK","","BARNSTAPLE","DEVON","EX31 4JB","19910401","","","","","","","","","","","0","","K","","",""
"RC1","BEDFORD HOSPITAL NHS TRUST","Y55","Q78","SOUTH WING","KEMPSTON ROAD","","BEDFORD","BEDFORDSHIRE","MK42 9DJ","19920401","","","","","","","","","","","0","","E","","",""
"RC9","LUTON AND DUNSTABLE UNIVERSITY HOSPITAL NHS FOUNDATION TRUST","Y55","Q78","LEWSEY ROAD","","","LUTON","BEDFORDSHIRE","LU4 0DZ","19920401","","","","","","","","","","","0","","E","","",""
"RCB","YORK TEACHING HOSPITAL NHS FOUNDATION TRUST","Y54","Q72","YORK HOSPITAL","WIGGINTON ROAD","","YORK","NORTH YORKSHIRE","YO31 8HE","19920401","","","","","","","","","","","0","","D","","",""
"RCD","HARROGATE AND DISTRICT NHS FOUNDATION TRUST","Y54","Q72","STRAYSIDE WING","HARROGATE DISTRICT HOSPITAL","LANCASTER PARK ROAD","HARROGATE","NORTH YORKSHIRE","HG2 7SX","19920401","","","","","","","","","","","0","","D","","",""
"RCF","AIREDALE NHS FOUNDATION TRUST","Y54","Q72","AIREDALE GENERAL HOSPITAL","SKIPTON ROAD","STEETON","KEIGHLEY","WEST YORKSHIRE","BD20 6TD","19920401","","","","","","","","","","","0","","D","","",""
"RCU","SHEFFIELD CHILDREN'S NHS FOUNDATION TRUST","Y54","Q72","WESTERN BANK","","","SHEFFIELD","SOUTH YORKSHIRE","S10 2TH","19920401","","","","","","","","","","","0","","D","","",""
"RCX","THE QUEEN ELIZABETH HOSPITAL, KING'S LYNN, NHS FOUNDATION TRUST","Y55","Q79","QUEEN ELIZABETH HOSPITAL","GAYTON ROAD","","KINGS LYNN","NORFOLK","PE30 4ET","19920401","","","","","","","","","","","0","","G","","",""
"RD1","ROYAL UNITED HOSPITALS BATH NHS FOUNDATION TRUST","Y57","Q82","COMBE PARK","","","BATH","AVON","BA1 3NG","19920401","","","","","","","","","","","0","","J","","",""
"RD3","POOLE HOSPITAL NHS FOUNDATION TRUST","Y57","Q70","LONGFLEET ROAD","","","POOLE","DORSET","BH15 2JB","19920401","","","","","","","","","","","0","","J","","",""
"RD8","MILTON KEYNES UNIVERSITY HOSPITAL NHS FOUNDATION TRUST","Y55","Q78","STANDING WAY","EAGLESTONE","","MILTON KEYNES","BUCKINGHAMSHIRE","MK6 5LD","19920401","","","","","","","","","","","0","","E","","",""
"RDD","BASILDON AND THURROCK UNIVERSITY HOSPITALS NHS FOUNDATION TRUST","Y55","Q79","BASILDON HOSPITAL","","NETHERMAYNE","BASILDON","ESSEX","SS16 5NL","19920401","","","","","","","","","","","0","","G","","",""
"RDE","COLCHESTER HOSPITAL UNIVERSITY NHS FOUNDATION TRUST","Y55","Q79","COLCHESTER DISTRICT GENERAL HO","TURNER ROAD","","COLCHESTER","ESSEX","CO4 5JL","19920401","","","","","","","","","","","0","","G","","",""
"RDR","SUSSEX COMMUNITY NHS FOUNDATION TRUST","Y57","Q81","BRIGHTON GENERAL HOSPITAL","ELM GROVE","","BRIGHTON","EAST SUSSEX","BN2 3EW","19920401","","","","","","","","","","","1","","J","","",""
"RDU","FRIMLEY HEALTH NHS FOUNDATION TRUST","Y57","Q81","PORTSMOUTH ROAD","","FRIMLEY","CAMBERLEY","SURREY","GU16 7UJ","19920401","","","","","","","","","","","0","","J","","",""
"RDY","DORSET HEALTHCARE UNIVERSITY NHS FOUNDATION TRUST","Y57","Q70","SENTINEL HOUSE","4-6 NUFFIELD ROAD","NUFFIELD INDUSTRIAL ESTATE","POOLE","DORSET","BH17 0RB","19920401","","","","","","","","","","","0","","J","","",""
"RDZ","THE ROYAL BOURNEMOUTH AND CHRISTCHURCH HOSPITALS NHS FOUNDATION TRUST","Y57","Q70","ROYAL BOURNEMOUTH GENERAL HOSPITAL","CASTLE LANE EAST","","BOURNEMOUTH","DORSET","BH7 7DW","19920401","","","","","","","","","","","0","","J","","",""
"RE9","SOUTH TYNESIDE NHS FOUNDATION TRUST","Y54","Q74","SOUTH TYNESIDE DISTRICT HOSPITAL","HARTON LANE","","SOUTH SHIELDS","TYNE AND WEAR","NE34 0PL","19930401","","","","","","","","","","","0","","A","","",""
"REF","ROYAL CORNWALL HOSPITALS NHS TRUST","Y57","Q80","ROYAL CORNWALL HOSPITAL","","TRELISKE","TRURO","CORNWALL","TR1 3LJ","19920401","","","","","","","","","","","0","","K","","",""
"REM","AINTREE UNIVERSITY HOSPITAL NHS FOUNDATION TRUST","Y54","Q75","UNIVERSITY HOSPITAL AINTREE","FAZAKERLEY HOSPITAL","LOWER LANE","LIVERPOOL","MERSEYSIDE","L9 7AL","19920401","","","","","","","","","","","0","","B","","",""
"REN","THE CLATTERBRIDGE CANCER CENTRE NHS FOUNDATION TRUST","Y54","Q75","CLATTERBRIDGE ROAD","","BEBINGTON","WIRRAL","MERSEYSIDE","CH63 4JY","19920401","","","","","","","","","","","0","","B","","",""
"REP","LIVERPOOL WOMEN'S NHS FOUNDATION TRUST","Y54","Q75","LIVERPOOL WOMENS HOSPITAL","CROWN STREET","","LIVERPOOL","MERSEYSIDE","L8 7SS","19920401","","","","","","","","","","","0","","B","","",""
"RET","THE WALTON CENTRE NHS FOUNDATION TRUST","Y54","Q75","LOWER LANE","","","LIVERPOOL","MERSEYSIDE","L9 7LJ","19920401","","","","","","","","","","","0","","B","","",""
"RF4","BARKING, HAVERING AND REDBRIDGE UNIVERSITY HOSPITALS NHS TRUST","Y56","Q71","QUEENS HOSPITAL","ROM VALLEY WAY","","ROMFORD","ESSEX","RM7 0AG","20010401","","","","","","","","","","","0","","H","","",""
"RFF","BARNSLEY HOSPITAL NHS FOUNDATION TRUST","Y54","Q72","GAWBER ROAD","","","BARNSLEY","SOUTH YORKSHIRE","S75 2EP","19930401","","","","","","","","","","","0","","D","","",""
"RFR","THE ROTHERHAM NHS FOUNDATION TRUST","Y54","Q72","MOORGATE ROAD","","","ROTHERHAM","SOUTH YORKSHIRE","S60 2UD","19930401","","","","","","","","","","","0","","D","","",""
"RFS","CHESTERFIELD ROYAL HOSPITAL NHS FOUNDATION TRUST","Y55","Q76","CALOW","","","CHESTERFIELD","DERBYSHIRE","S44 5BL","19930401","","","","","","","","","","","0","","E","","",""
"RFW","WEST MIDDLESEX UNIVERSITY HOSPITAL NHS TRUST","Y56","Q71","TWICKENHAM ROAD","","","ISLEWORTH","MIDDLESEX","TW7 6AF","19930401","20150831","","","","","","","","","","0","","H","","",""
"RGD","LEEDS AND YORK PARTNERSHIP NHS FOUNDATION TRUST","Y54","Q72","TWENTY ONE FIFTY","THORPE PARK","","LEEDS","WEST YORKSHIRE","LS15 8ZB","19930401","","","","","","","","","","","0","","D","","",""
"RGM","PAPWORTH HOSPITAL NHS FOUNDATION TRUST","Y55","Q79","PAPWORTH EVERARD","","","CAMBRIDGE","CAMBRIDGESHIRE","CB23 3RE","19930401","","","","","","","","","","","0","","G","","",""
"RGN","PETERBOROUGH AND STAMFORD HOSPITALS NHS FOUNDATION TRUST","Y55","Q79","EDITH CAVELL HOSPITAL","BRETTON GATE","BRETTON","PETERBOROUGH","CAMBRIDGESHIRE","PE3 9GZ","19930401","","","","","","","","","","","0","","G","","",""
"RGP","JAMES PAGET UNIVERSITY HOSPITALS NHS FOUNDATION TRUST","Y55","Q79","LOWESTOFT ROAD","","GORLESTON","GREAT YARMOUTH","NORFOLK","NR31 6LA","19930401","","","","","","","","","","","0","","G","","",""
"RGQ","IPSWICH HOSPITAL NHS TRUST","Y55","Q79","HEATH ROAD","","","IPSWICH","SUFFOLK","IP4 5PD","19930401","","","","","","","","","","","0","","G","","",""
"RGR","WEST SUFFOLK NHS FOUNDATION TRUST","Y55","Q79","HARDWICK LANE","","","BURY ST EDMUNDS","SUFFOLK","IP33 2QZ","19930401","","","","","","","","","","","0","","G","","",""
"RGT","CAMBRIDGE UNIVERSITY HOSPITALS NHS FOUNDATION TRUST","Y55","Q79","ADDENBROOKES HOSPITAL","HILLS ROAD","","CAMBRIDGE","CAMBRIDGESHIRE","CB2 0QQ","19930401","","","","","","","","","","","0","","G","","",""
"RH5","SOMERSET PARTNERSHIP NHS FOUNDATION TRUST","Y57","Q80","2ND FLOOR","MALLARD COURT","EXPRESS PARK, BRISTOL ROAD","BRIDGWATER","SOMERSET","TA6 4RN","19930401","","","","","","","","","","","0","","K","","",""
"RH8","ROYAL DEVON AND EXETER NHS FOUNDATION TRUST","Y57","Q80","ROYAL DEVON & EXETER HOSPITAL","BARRACK ROAD","","EXETER","DEVON","EX2 5DW","19930401","","","","","","","","","","","0","","K","","",""
"RHA","NOTTINGHAMSHIRE HEALTHCARE NHS FOUNDATION TRUST","Y55","Q76","THE RESOURCE, TRUST HQ","DUNCAN MACMILLAN HOUSE","PORCHESTER ROAD","NOTTINGHAM","NOTTINGHAMSHIRE","NG3 6AA","20010401","","","","","","","","","","","0","","E","","",""
"RHM","UNIVERSITY HOSPITAL SOUTHAMPTON NHS FOUNDATION TRUST","Y57","Q70","MAILPOINT 18","SOUTHAMPTON GENERAL HOSPITAL","TREMONA ROAD","SOUTHAMPTON","HAMPSHIRE","SO16 6YD","19930401","","","","","","","","","","","0","","J","","",""
"RHQ","SHEFFIELD TEACHING HOSPITALS NHS FOUNDATION TRUST","Y54","Q72","NORTHERN GENERAL HOSPITAL","HERRIES ROAD","","SHEFFIELD","SOUTH YORKSHIRE","S5 7AU","20010401","","","","","","","","","","","0","","D","","",""
"RHU","PORTSMOUTH HOSPITALS NHS TRUST","Y57","Q70","DE LA COURT HOUSE","QUEEN ALEXANDRA HOSPITAL","SOUTHWICK HILL ROAD","PORTSMOUTH","HAMPSHIRE","PO6 3LY","19930401","","","","","","","","","","","0","","J","","",""
"RHW","ROYAL BERKSHIRE NHS FOUNDATION TRUST","Y57","Q82","ROYAL BERKSHIRE HOSPITAL","LONDON ROAD","","READING","BERKSHIRE","RG1 5AN","19930401","","","","","","","","","","","0","","J","","",""
"RJ1","GUY'S AND ST THOMAS' NHS FOUNDATION TRUST","Y56","Q71","TRUST OFFICES","GUY'S HOSPITAL","GREAT MAZE POND","LONDON","GREATER LONDON","SE1 9RT","19930401","","","","","","","","","","","0","","H","","",""
"RJ2","LEWISHAM AND GREENWICH NHS TRUST","Y56","Q71","UNIVERSITY HOSPITAL LEWISHAM","LEWISHAM HIGH STREET","","LONDON","GREATER LONDON","SE13 6LH","19930401","","","","","","","","","","","0","","H","","",""
"RJ6","CROYDON HEALTH SERVICES NHS TRUST","Y56","Q71","CROYDON UNIVERSITY HOSPITAL","LONDON ROAD","","THORNTON HEATH","SURREY","CR7 7YE","19930401","","","","","","","","","","","0","","H","","",""
"RJ7","ST GEORGE'S UNIVERSITY HOSPITALS NHS FOUNDATION TRUST","Y56","Q71","ST GEORGE'S HOSPITAL","BLACKSHAW ROAD","TOOTING","LONDON","GREATER LONDON","SW17 0QT","19930401","","","","","","","","","","","0","","H","","",""
"RJ8","CORNWALL PARTNERSHIP NHS FOUNDATION TRUST","Y57","Q80","PORTHPEAN ROAD","","","ST AUSTELL","CORNWALL","PL26 6AD","19930401","","","","","","","","","","","0","","K","","",""
"RJC","SOUTH WARWICKSHIRE NHS FOUNDATION TRUST","Y55","Q77","WARWICK HOSPITAL","LAKIN ROAD","","WARWICK","WARWICKSHIRE","CV34 5BW","19930401","","","","","","","","","","","0","","F","","",""
"RJD","MID STAFFORDSHIRE NHS FOUNDATION TRUST","Y55","Q76","STAFFORD HOSPITAL","WESTON ROAD","","STAFFORD","STAFFORDSHIRE","ST16 3SA","19930401","","","","","","","","","","","0","","E","","",""
"RJE","UNIVERSITY HOSPITALS OF NORTH MIDLANDS NHS TRUST","Y55","Q76","NEWCASTLE ROAD","","","STOKE-ON-TRENT","STAFFORDSHIRE","ST4 6QG","19930401","","","","","","","","","","","0","","E","","",""
"RJF","BURTON HOSPITALS NHS FOUNDATION TRUST","Y55","Q76","QUEEN'S HOSPITAL","BELVEDERE ROAD","","BURTON-ON-TRENT","STAFFORDSHIRE","DE13 0RB","19930401","","","","","","","","","","","0","","E","","",""
"RJL","NORTHERN LINCOLNSHIRE AND GOOLE NHS FOUNDATION TRUST","Y54","Q72","DIANA PRINCESS OF WALES HOSPITAL","SCARTHO ROAD","","GRIMSBY","SOUTH HUMBERSIDE","DN33 2BA","20010401","","","","","","","","","","","0","","D","","",""
"RJN","EAST CHESHIRE NHS TRUST","Y54","Q75","MACCLESFIELD DISTRICT GEN HOSPITAL","VICTORIA ROAD","","MACCLESFIELD","CHESHIRE","SK10 3BL","19930401","","","","","","","","","","","0","","B","","",""
"RJR","COUNTESS OF CHESTER HOSPITAL NHS FOUNDATION TRUST","Y54","Q75","THE COUNTESS OF CHESTER HEALTH PARK","","","CHESTER","CHESHIRE","CH2 1UL","19930401","","","","","","","","","","","0","","B","","",""
"RJX","CALDERSTONES PARTNERSHIP NHS FOUNDATION TRUST","Y54","Q84","MITTON ROAD","","WHALLEY","CLITHEROE","LANCASHIRE","BB7 9PE","19930401","","","","","","","","","","","1","","B","","",""
"RJZ","KING'S COLLEGE HOSPITAL NHS FOUNDATION TRUST","Y56","Q71","DENMARK HILL","","","LONDON","GREATER LONDON","SE5 9RS","19930401","","","","","","","","","","","0","","H","","",""
"RK5","SHERWOOD FOREST HOSPITALS NHS FOUNDATION TRUST","Y55","Q76","MANSFIELD ROAD","","","SUTTON-IN-ASHFIELD","NOTTINGHAMSHIRE","NG17 4JL","19940401","","","","","","","","","","","0","","E","","",""
"RK9","PLYMOUTH HOSPITALS NHS TRUST","Y57","Q80","DERRIFORD HOSPITAL","DERRIFORD ROAD","","PLYMOUTH","DEVON","PL6 8DH","19940401","","","","","","","","","","","0","","K","","",""
"RKB","UNIVERSITY HOSPITALS COVENTRY AND WARWICKSHIRE NHS TRUST","Y55","Q77","WALSGRAVE GENERAL HOSPITAL","CLIFFORD BRIDGE ROAD","","COVENTRY","WEST MIDLANDS","CV2 2DX","19930401","","","","","","","","","","","0","","F","","",""
"RKE","THE WHITTINGTON HOSPITAL NHS TRUST","Y56","Q71","THE WHITTINGTON HOSPITAL","MAGDALA AVENUE","","LONDON","GREATER LONDON","N19 5NF","19930401","","","","","","","","","","","0","","H","","",""
"RKL","WEST LONDON MENTAL HEALTH NHS TRUST","Y56","Q71","TRUST HEADQUARTERS","ST BERNARDS HOSPITAL","UXBRIDGE ROAD","SOUTHALL","MIDDLESEX","UB1 3EU","20010401","","","","","","","","","","","0","","H","","",""
"RL1","THE ROBERT JONES AND AGNES HUNT ORTHOPAEDIC HOSPITAL NHS FOUNDATION TRUST","Y55","Q76","GOBOWEN","","","OSWESTRY","SHROPSHIRE","SY10 7AG","19940401","","","","","","","","","","","0","","E","","",""
"RL4","THE ROYAL WOLVERHAMPTON NHS TRUST","Y55","Q77","NEW CROSS HOSPITAL","WOLVERHAMPTON ROAD","HEATH TOWN","WOLVERHAMPTON","WEST MIDLANDS","WV10 0QP","19940401","","","","","","","","","","","0","","F","","",""
"RLN","CITY HOSPITALS SUNDERLAND NHS FOUNDATION TRUST","Y54","Q74","SUNDERLAND ROYAL HOSPITAL","KAYLL ROAD","","SUNDERLAND","TYNE AND WEAR","SR4 7TP","19940401","","","","","","","","","","","0","","A","","",""
"RLQ","WYE VALLEY NHS TRUST","Y55","Q77","COUNTY HOSPITAL","UNION WALK","","HEREFORD","HEREFORDSHIRE","HR1 2ER","19940401","","","","","","","","","","","0","","F","","",""
"RLT","GEORGE ELIOT HOSPITAL NHS TRUST","Y55","Q77","LEWES HOUSE","COLLEGE STREET","","NUNEATON","WARWICKSHIRE","CV10 7DJ","19940401","","","","","","","","","","","0","","F","","",""
"RLU","BIRMINGHAM WOMEN'S NHS FOUNDATION TRUST","Y55","Q77","BIRMINGHAM WOMENS HOSPITAL","METCHLEY PARK ROAD","","BIRMINGHAM","WEST MIDLANDS","B15 2TG","19940401","","","","","","","","","","","0","","F","","",""
"RLY","NORTH STAFFORDSHIRE COMBINED HEALTHCARE NHS TRUST","Y55","Q76","BELLRINGER ROAD","TRENTHAM","","STOKE-ON-TRENT","STAFFORDSHIRE","ST4 8HH","19940401","","","","","","","","","","","0","","E","","",""
"RM1","NORFOLK AND NORWICH UNIVERSITY HOSPITALS NHS FOUNDATION TRUST","Y55","Q79","COLNEY LANE","COLNEY","","NORWICH","NORFOLK","NR4 7UY","19940401","","","","","","","","","","","0","","G","","",""
"RM2","UNIVERSITY HOSPITAL OF SOUTH MANCHESTER NHS FOUNDATION TRUST","Y54","Q83","WYTHENSHAWE HOSPITAL","SOUTHMOOR ROAD","WYTHENSHAWE","MANCHESTER","GREATER MANCHESTER","M23 9LT","19940401","","","","","","","","","","","1","","B","","",""
"RM3","SALFORD ROYAL NHS FOUNDATION TRUST","Y54","Q83","SALFORD ROYAL","STOTT LANE","","SALFORD","GREATER MANCHESTER","M6 8HD","19940401","","","","","","","","","","","1","","B","","",""
"RMC","BOLTON NHS FOUNDATION TRUST","Y54","Q83","THE ROYAL BOLTON HOSPITAL","MINERVA ROAD","FARNWORTH","BOLTON","LANCASHIRE","BL4 0JR","19940401","","","","","","","","","","","1","","B","","",""
"RMP","TAMESIDE HOSPITAL NHS FOUNDATION TRUST","Y54","Q83","TAMESIDE GENERAL HOSPITAL","FOUNTAIN STREET","","ASHTON-UNDER-LYNE","LANCASHIRE","OL6 9RW","19940401","","","","","","","","","","","1","","B","","",""
"RMY","NORFOLK AND SUFFOLK NHS FOUNDATION TRUST","Y55","Q79","HELLESDON HOSPITAL","DRAYTON HIGH ROAD","","NORWICH","NORFOLK","NR6 5BE","19940401","","","","","","","","","","","0","","G","","",""
"RN3","GREAT WESTERN HOSPITALS NHS FOUNDATION TRUST","Y57","Q82","GREAT WESTERN HOSPITAL","MARLBOROUGH ROAD","","SWINDON","WILTSHIRE","SN3 6BB","19940401","","","","","","","","","","","0","","J","","",""
"RN5","HAMPSHIRE HOSPITALS NHS FOUNDATION TRUST","Y57","Q70","ALDERMASTON ROAD","","","BASINGSTOKE","HAMPSHIRE","RG24 9NA","19940401","","","","","","","","","","","0","","J","","",""
"RN7","DARTFORD AND GRAVESHAM NHS TRUST","Y57","Q81","DARENT VALLEY HOSPITAL","DARENTH WOOD ROAD","","DARTFORD","KENT","DA2 8DA","19940401","","","","","","","","","","","0","","J","","",""
"RNA","THE DUDLEY GROUP NHS FOUNDATION TRUST","Y55","Q77","C BLOCK","RUSSELLS HALL HOSPITAL","PENSNETT ROAD","DUDLEY","WEST MIDLANDS","DY1 2HQ","19940401","","","","","","","","","","","0","","F","","",""
"RNK","TAVISTOCK AND PORTMAN NHS FOUNDATION TRUST","Y56","Q71","THE TAVISTOCK CENTRE","120 BELSIZE LANE","","LONDON","GREATER LONDON","NW3 5BA","19940401","","","","","","","","","","","0","","H","","",""
"RNL","NORTH CUMBRIA UNIVERSITY HOSPITALS NHS TRUST","Y54","Q74","WEST CUMBERLAND HOSPITAL","HENSINGHAM","","WHITEHAVEN","CUMBRIA","CA28 8JG","20010401","","","","","","","","","","","0","","A","","",""
"RNN","CUMBRIA PARTNERSHIP NHS FOUNDATION TRUST","Y54","Q74","CARLETON CLINIC","CUMWHINTON ROAD","","CARLISLE","CUMBRIA","CA1 3SX","20010401","","","","","","","","","","","0","","A","","",""
"RNQ","KETTERING GENERAL HOSPITAL NHS FOUNDATION TRUST","Y55","Q78","ROTHWELL ROAD","","","KETTERING","NORTHAMPTONSHIRE","NN16 8UZ","19940401","","","","","","","","","","","0","","E","","",""
"RNS","NORTHAMPTON GENERAL HOSPITAL NHS TRUST","Y55","Q78","CLIFTONVILLE","","","NORTHAMPTON","NORTHAMPTONSHIRE","NN1 5BD","19940401","","","","","","","","","","","0","","E","","",""
"RNU","OXFORD HEALTH NHS FOUNDATION TRUST","Y57","Q82","CORPORATE HEADQUARTERS","4000 JOHN SMITH DRIVE","OXFORD BUSINESS PARK SOUTH","OXFORD","OXFORDSHIRE","OX4 2GX","19940401","","","","","","","","","","","0","","J","","",""
"RNZ","SALISBURY NHS FOUNDATION TRUST","Y57","Q82","SALISBURY DISTRICT HOSPITAL","ODSTOCK ROAD","","SALISBURY","WILTSHIRE","SP2 8BJ","19940401","","","","","","","","","","","0","","J","","",""
"RP1","NORTHAMPTONSHIRE HEALTHCARE NHS FOUNDATION TRUST","Y55","Q78","SUDBOROUGH HOUSE","ST. MARYS HOSPITAL","77 LONDON ROAD","KETTERING","NORTHAMPTONSHIRE","NN15 7PW","20010401","","","","","","","","","","","0","","E","","",""
"RP4","GREAT ORMOND STREET HOSPITAL FOR CHILDREN NHS FOUNDATION TRUST","Y56","Q71","GREAT ORMOND STREET","","","LONDON","GREATER LONDON","WC1N 3JH","19940401","","","","","","","","","","","0","","H","","",""
"RP5","DONCASTER AND BASSETLAW HOSPITALS NHS FOUNDATION TRUST","Y54","Q72","DONCASTER ROYAL INFIRMARY","ARMTHORPE ROAD","","DONCASTER","SOUTH YORKSHIRE","DN2 5LT","20010401","","","","","","","","","","","0","","D","","",""
"RP6","MOORFIELDS EYE HOSPITAL NHS FOUNDATION TRUST","Y56","Q71","162 CITY ROAD","","","LONDON","GREATER LONDON","EC1V 2PD","19940401","","","","","","","","","","","0","","H","","",""
"RP7","LINCOLNSHIRE PARTNERSHIP NHS FOUNDATION TRUST","Y55","Q78","UNIT'S 8 & 9","THE POINT","LIONS WAY","SLEAFORD","LINCOLNSHIRE","NG34 8GG","20010401","","","","","","","","","","","0","","E","","",""
"RPA","MEDWAY NHS FOUNDATION TRUST","Y57","Q81","MEDWAY MARITIME HOSPITAL","WINDMILL ROAD","","GILLINGHAM","KENT","ME7 5NY","19940401","","","","","","","","","","","0","","J","","",""
"RPC","QUEEN VICTORIA HOSPITAL NHS FOUNDATION TRUST","Y57","Q81","HOLTYE ROAD","","","EAST GRINSTEAD","WEST SUSSEX","RH19 3DZ","19940401","","","","","","","","","","","0","","J","","",""
"RPG","OXLEAS NHS FOUNDATION TRUST","Y56","Q71","PINEWOOD HOUSE","PINEWOOD PLACE","","DARTFORD","KENT","DA2 7WG","19940401","","","","","","","","","","","0","","H","","",""
"RPY","THE ROYAL MARSDEN NHS FOUNDATION TRUST","Y56","Q71","FULHAM ROAD","","","LONDON","GREATER LONDON","SW3 6JJ","19940401","","","","","","","","","","","0","","H","","",""
"RQ3","BIRMINGHAM CHILDREN'S HOSPITAL NHS FOUNDATION TRUST","Y55","Q77","STEELHOUSE LANE","","","BIRMINGHAM","WEST MIDLANDS","B4 6NH","19950401","","","","","","","","","","","0","","F","","",""
"RQ6","ROYAL LIVERPOOL AND BROADGREEN UNIVERSITY HOSPITALS NHS TRUST","Y54","Q75","ROYAL LIVERPOOL UNIVERSITY HOSPITAL","PRESCOT STREET","","LIVERPOOL","MERSEYSIDE","L7 8XP","19950401","","","","","","","","","","","0","","B","","",""
"RQ8","MID ESSEX HOSPITAL SERVICES NHS TRUST","Y55","Q79","BROOMFIELD HOSPITAL","COURT ROAD","","CHELMSFORD","ESSEX","CM1 7ET","19950401","","","","","","","","","","","0","","G","","",""
"RQF","VELINDRE NHS TRUST","W00","Q99","UNIT 2","CHARNWOOD COURT","HEOL BILLINGSLEY","CARDIFF","SOUTH GLAMORGAN","CF15 7QZ","19940401","","","","","","","","","","","0","","W","","",""
"RQM","CHELSEA AND WESTMINSTER HOSPITAL NHS FOUNDATION TRUST","Y56","Q71","CHELSEA & WESTMINSTER HOSPITAL","369 FULHAM ROAD","","LONDON","GREATER LONDON","SW10 9NH","19940401","","","","","","","","","","","0","","H","","",""
"RQQ","HINCHINGBROOKE HEALTH CARE NHS TRUST","Y55","Q79","HINCHINGBROOKE HOSPITAL","","","HUNTINGDON","CAMBRIDGESHIRE","PE29 6NT","19950401","","","","","","","","","","","0","","G","","",""
"RQW","THE PRINCESS ALEXANDRA HOSPITAL NHS TRUST","Y55","Q79","HAMSTEL ROAD","","","HARLOW","ESSEX","CM20 1QX","19950401","","","","","","","","","","","0","","G","","",""
"RQX","HOMERTON UNIVERSITY HOSPITAL NHS FOUNDATION TRUST","Y56","Q71","HOMERTON ROW","","","LONDON","GREATER LONDON","E9 6SR","19950401","","","","","","","","","","","0","","H","","",""
"RQY","SOUTH WEST LONDON AND ST GEORGE'S MENTAL HEALTH NHS TRUST","Y56","Q71","SPRINGFIELD HOSPITAL","61 GLENBURNIE ROAD","","LONDON","GREATER LONDON","SW17 7DJ","19950401","","","","","","","","","","","0","","H","","",""
"RR1","HEART OF ENGLAND NHS FOUNDATION TRUST","Y55","Q77","BIRMINGHAM HEARTLANDS HOSPITAL","BORDESLEY GREEN EAST","","BIRMINGHAM","WEST MIDLANDS","B9 5ST","19960401","","","","","","","","","","","0","","F","","",""
"RR7","GATESHEAD HEALTH NHS FOUNDATION TRUST","Y54","Q74","QUEEN ELIZABETH HOSPITAL","","","GATESHEAD","TYNE AND WEAR","NE9 6SX","19980401","","","","","","","","","","","0","","A","","",""
"RR8","LEEDS TEACHING HOSPITALS NHS TRUST","Y54","Q72","ST. JAMES'S UNIVERSITY HOSPITAL","BECKETT STREET","","LEEDS","WEST YORKSHIRE","LS9 7TF","19980401","","","","","","","","","","","0","","D","","",""
"RRD","NORTH ESSEX PARTNERSHIP UNIVERSITY NHS FOUNDATION TRUST","Y55","Q79","STAPLEFORD HOUSE","STAPLEFORD CLOSE","","CHELMSFORD","ESSEX","CM2 0QX","20010401","","","","","","","","","","","0","","G","","",""
"RRE","SOUTH STAFFORDSHIRE AND SHROPSHIRE HEALTHCARE NHS FOUNDATION TRUST","Y55","Q76","TRUST HEADQUARTERS","ST. GEORGES HOSPITAL","CORPORATION STREET","STAFFORD","STAFFORDSHIRE","ST16 3SR","20010401","","","","","","","","","","","0","","E","","",""
"RRF","WRIGHTINGTON, WIGAN AND LEIGH NHS FOUNDATION TRUST","Y54","Q83","THE ELMS","ROYAL ALBERT EDWARD INFIRMARY","WIGAN LANE","WIGAN","LANCASHIRE","WN1 2NN","20010401","","","","","","","","","","","1","","B","","",""
"RRJ","THE ROYAL ORTHOPAEDIC HOSPITAL NHS FOUNDATION TRUST","Y55","Q77","THE WOODLANDS","BRISTOL ROAD SOUTH","NORTHFIELD","BIRMINGHAM","WEST MIDLANDS","B31 2AP","19950401","","","","","","","","","","","0","","F","","",""
"RRK","UNIVERSITY HOSPITALS BIRMINGHAM NHS FOUNDATION TRUST","Y55","Q77","TRUST HQ, PO BOX 9551","QUEEN ELIZABETH MEDICAL CENTRE","EDGBASTON","BIRMINGHAM","WEST MIDLANDS","B15 2TH","19950401","","","","","","","","","","","0","","F","","",""
"RRP","BARNET, ENFIELD AND HARINGEY MENTAL HEALTH NHS TRUST","Y56","Q71","TRUST HEADQUARTERS BLOCK B2","ST ANN'S HOSPITAL","ST ANN'S ROAD","LONDON","GREATER LONDON","N15 3TH","20010401","","","","","","","","","","","0","","H","","",""
"RRU","LONDON AMBULANCE SERVICE NHS TRUST","Y56","Q71","220 WATERLOO ROAD","","","LONDON","GREATER LONDON","SE1 8SD","19960401","","","","","","","","","","","0","","H","","",""
"RRV","UNIVERSITY COLLEGE LONDON HOSPITALS NHS FOUNDATION TRUST","Y56","Q71","250 EUSTON ROAD","","","LONDON","GREATER LONDON","NW1 2PG","19960401","","","","","","","","","","","0","","H","","",""
"RT1","CAMBRIDGESHIRE AND PETERBOROUGH NHS FOUNDATION TRUST","Y55","Q79","ELIZABETH HOUSE, FULBOURN HOSPITAL","CAMBRIDGE ROAD","FULBOURN","CAMBRIDGE","CAMBRIDGESHIRE","CB21 5EF","20020401","","","","","","","","","","","0","","G","","",""
"RT2","PENNINE CARE NHS FOUNDATION TRUST","Y54","Q83","225 OLD STREET","","","ASHTON-UNDER-LYNE","LANCASHIRE","OL6 7SR","20020401","","","","","","","","","","","1","","B","","",""
"RT3","ROYAL BROMPTON & HAREFIELD NHS FOUNDATION TRUST","Y56","Q71","ROYAL BROMPTON HOSPITAL","SYDNEY STREET","","LONDON","GREATER LONDON","SW3 6NP","19980401","","","","","","","","","","","0","","H","","",""
"RT4","WELSH AMBULANCE SERVICES NHS TRUST","W00","Q99","PO BOX 1064","HM STANLEY HOSPITAL","","ST ASAPH","CLWYD","LL17 0WA","19980401","","","","","","","","","","","0","","W","","",""
"RT5","LEICESTERSHIRE PARTNERSHIP NHS TRUST","Y55","Q78","RIVERSIDE HOUSE","BRIDGE PARK PLAZA","BRIDGE PARK ROAD, THURMASTON","LEICESTER","LEICESTERSHIRE","LE4 8PQ","19990401","","","","","","","","","","","0","","E","","",""
"RTD","THE NEWCASTLE UPON TYNE HOSPITALS NHS FOUNDATION TRUST","Y54","Q74","FREEMAN HOSPITAL","FREEMAN ROAD","HIGH HEATON","NEWCASTLE-UPON-TYNE","TYNE AND WEAR","NE7 7DN","19980401","","","","","","","","","","","0","","A","","",""
"RTE","GLOUCESTERSHIRE HOSPITALS NHS FOUNDATION TRUST","Y57","Q82","TRUST HQ","1 COLLEGE LAWN","","CHELTENHAM","GLOUCESTERSHIRE","GL53 7AG","20020401","","","","","","","","","","","0","","J","","",""
"RTF","NORTHUMBRIA HEALTHCARE NHS FOUNDATION TRUST","Y54","Q74","RAKE LANE","","","NORTH SHIELDS","TYNE AND WEAR","NE29 8NH","19980401","","","","","","","","","","","0","","A","","",""
"RTG","DERBY TEACHING HOSPITALS NHS FOUNDATION TRUST","Y55","Q76","ROYAL DERBY HOSPITAL","UTTOXETER ROAD","","DERBY","DERBYSHIRE","DE22 3NE","19980401","","","","","","","","","","","0","","E","","",""
"RTH","OXFORD UNIVERSITY HOSPITALS NHS FOUNDATION TRUST","Y57","Q82","JOHN RADCLIFFE HOSPITAL","HEADLEY WAY","HEADINGTON","OXFORD","OXFORDSHIRE","OX3 9DU","19980401","","","","","","","","","","","0","","J","","",""
"RTK","ASHFORD AND ST PETER'S HOSPITALS NHS FOUNDATION TRUST","Y57","Q81","ST PETERS HOSPITAL","GUILDFORD ROAD","","CHERTSEY","SURREY","KT16 0PZ","19980401","","","","","","","","","","","0","","J","","",""
"RTP","SURREY AND SUSSEX HEALTHCARE NHS TRUST","Y57","Q81","EAST SURREY HOSPITAL","CANADA AVENUE","","REDHILL","SURREY","RH1 5RH","19980401","","","","","","","","","","","0","","J","","",""
"RTQ","2GETHER NHS FOUNDATION TRUST","Y57","Q82","RIKENEL","MONTPELLIER","","GLOUCESTER","GLOUCESTERSHIRE","GL1 1LY","20020401","","","","","","","","","","","0","","J","","",""
"RTR","SOUTH TEES HOSPITALS NHS FOUNDATION TRUST","Y54","Q74","JAMES COOK UNIVERSITY HOSPITAL","MARTON ROAD","","MIDDLESBROUGH","CLEVELAND","TS4 3BW","20020401","","","","","","","","","","","0","","A","","",""
"RTV","5 BOROUGHS PARTNERSHIP NHS FOUNDATION TRUST","Y54","Q75","HOLLINS PARK HOSPITAL","HOLLINS LANE","WINWICK","WARRINGTON","CHESHIRE","WA2 8WA","20020401","","","","","","","","","","","0","","B","","",""
"RTX","UNIVERSITY HOSPITALS OF MORECAMBE BAY NHS FOUNDATION TRUST","Y54","Q74","WESTMORLAND GENERAL HOSPITAL","BURTON ROAD","","KENDAL","CUMBRIA","LA9 7RG","19980401","","","","","","","","","","","0","","A","","",""
"RV3","CENTRAL AND NORTH WEST LONDON NHS FOUNDATION TRUST","Y56","Q71","STEPHENSON HOUSE","75 HAMPSTEAD ROAD","","LONDON","GREATER LONDON","NW1 2PL","19990401","","","","","","","","","","","0","","H","","",""
"RV5","SOUTH LONDON AND MAUDSLEY NHS FOUNDATION TRUST","Y56","Q71","MAUDSLEY HOSPITAL","DENMARK HILL","","LONDON","GREATER LONDON","SE5 8AZ","19990401","","","","","","","","","","","0","","H","","",""
"RV9","HUMBER NHS FOUNDATION TRUST","Y54","Q72","TRUST HQ, WILLERBY HILL","BEVERLEY ROAD","WILLERBY","HULL","NORTH HUMBERSIDE","HU10 6ED","19991001","","","","","","","","","","","0","","D","","",""
"RVJ","NORTH BRISTOL NHS TRUST","Y57","Q80","SOUTHMEAD HOSPITAL","SOUTHMEAD ROAD","WESTBURY-ON-TRYM","BRISTOL","AVON","BS10 5NB","19990401","","","","","","","","","","","0","","K","","",""
"RVN","AVON AND WILTSHIRE MENTAL HEALTH PARTNERSHIP NHS TRUST","Y57","Q82","JENNER HOUSE","AVON WAY, LANGLEY PARK","","CHIPPENHAM","WILTSHIRE","SN15 1GG","19990401","","","","","","","","","","","0","","J","","",""
"RVR","EPSOM AND ST HELIER UNIVERSITY HOSPITALS NHS TRUST","Y56","Q71","ST HELIER HOSPITAL","WRYTHE LANE","","CARSHALTON","SURREY","SM5 1AA","19990401","","","","","","","","","","","0","","H","","",""
"RVV","EAST KENT HOSPITALS UNIVERSITY NHS FOUNDATION TRUST","Y57","Q81","KENT & CANTERBURY HOSPITAL","ETHELBERT ROAD","","CANTERBURY","KENT","CT1 3NG","19990401","","","","","","","","","","","0","","J","","",""
"RVW","NORTH TEES AND HARTLEPOOL NHS FOUNDATION TRUST","Y54","Q74","UNIVERSITY HOSPITAL OF HARTLEPOOL","HOLDFORTH ROAD","","HARTLEPOOL","CLEVELAND","TS24 9AH","19990401","","","","","","","","","","","0","","A","","",""
"RVY","SOUTHPORT AND ORMSKIRK HOSPITAL NHS TRUST","Y54","Q75","TOWN LANE","","","SOUTHPORT","MERSEYSIDE","PR8 6PN","19990401","","","","","","","","","","","0","","B","","",""
"RW1","SOUTHERN HEALTH NHS FOUNDATION TRUST","Y57","Q70","MAPLES BUILDINGS","TATCHBURY MOUNT HOSPITAL","CALMORE","SOUTHAMPTON","HAMPSHIRE","SO40 2RZ","20010401","","","","","","","","","","","0","","J","","",""
"RW3","CENTRAL MANCHESTER UNIVERSITY HOSPITALS NHS FOUNDATION TRUST","Y54","Q83","TRUST HEADQUARTERS, COBBETT HOUSE","MANCHESTER ROYAL INFIRMARY","OXFORD ROAD","MANCHESTER","GREATER MANCHESTER","M13 9WL","20010401","","","","","","","","","","","1","","B","","",""
"RW4","MERSEY CARE NHS FOUNDATION TRUST","Y54","Q75","8 PRINCES PARADE","","","LIVERPOOL","MERSEYSIDE","L3 1DL","20010401","","","","","","","","","","","1","","B","","",""
"RW5","LANCASHIRE CARE NHS FOUNDATION TRUST","Y54","Q84","SCEPTRE POINT","SCEPTRE WAY","BAMBER BRIDGE","PRESTON","LANCASHIRE","PR5 6AW","20020401","","","","","","","","","","","1","","B","","",""
"RW6","PENNINE ACUTE HOSPITALS NHS TRUST","Y54","Q83","TRUST HEADQUARTERS","NORTH MANCHESTER GENERAL HOSPITAL","DELAUNAYS ROAD, CRUMPSALL","MANCHESTER","GREATER MANCHESTER","M8 5RB","20020401","","","","","","","","","","","1","","B","","",""
"RWA","HULL AND EAST YORKSHIRE HOSPITALS NHS TRUST","Y54","Q72","HULL ROYAL INFIRMARY","ANLABY ROAD","","HULL","NORTH HUMBERSIDE","HU3 2JZ","19991001","","","","","","","","","","","0","","D","","",""
"RWD","UNITED LINCOLNSHIRE HOSPITALS NHS TRUST","Y55","Q78","LINCOLN COUNTY HOSPITAL","GREETWELL ROAD","","LINCOLN","LINCOLNSHIRE","LN2 4AX","20000401","","","","","","","","","","","0","","E","","",""
"RWE","UNIVERSITY HOSPITALS OF LEICESTER NHS TRUST","Y55","Q78","GWENDOLEN HOUSE","GWENDOLEN ROAD","","LEICESTER","LEICESTERSHIRE","LE5 4QF","20000401","","","","","","","","","","","0","","E","","",""
"RWF","MAIDSTONE AND TUNBRIDGE WELLS NHS TRUST","Y57","Q81","MAIDSTONE HOSPITAL","HERMITAGE LANE","","MAIDSTONE","KENT","ME16 9QQ","20000401","","","","","","","","","","","0","","J","","",""
"RWG","WEST HERTFORDSHIRE HOSPITALS NHS TRUST","Y55","Q78","TRUST OFFICES","WATFORD GENERAL HOSPITAL","VICARAGE ROAD","WATFORD","HERTFORDSHIRE","WD18 0HB","20000401","","","","","","","","","","","0","","E","","",""
"RWH","EAST AND NORTH HERTFORDSHIRE NHS TRUST","Y55","Q78","LISTER HOSPITAL","COREYS MILL LANE","","STEVENAGE","HERTFORDSHIRE","SG1 4AB","20000401","","","","","","","","","","","0","","E","","",""
"RWJ","STOCKPORT NHS FOUNDATION TRUST","Y54","Q83","STEPPING HILL HOSPITAL","POPLAR GROVE","","STOCKPORT","CHESHIRE","SK2 7JE","20000401","","","","","","","","","","","1","","B","","",""
"RWK","EAST LONDON NHS FOUNDATION TRUST","Y56","Q71","20-24 COMMERCIAL STREET","","","LONDON","GREATER LONDON","E1 6LP","20000401","","","","","","","","","","","0","","H","","",""
"RWN","SOUTH ESSEX PARTNERSHIP UNIVERSITY NHS FOUNDATION TRUST","Y55","Q79","THE LODGE, RUNWELL HOSPITAL","RUNWELL CHASE","RUNWELL","WICKFORD","ESSEX","SS11 7XX","20000401","","","","","","","","","","","0","","G","","",""
"RWP","WORCESTERSHIRE ACUTE HOSPITALS NHS TRUST","Y55","Q77","WORCESTERSHIRE ROYAL HOSPITAL","CHARLES HASTINGS WAY","","WORCESTER","WORCESTERSHIRE","WR5 1DD","20000401","","","","","","","","","","","0","","F","","",""
"RWR","HERTFORDSHIRE PARTNERSHIP UNIVERSITY NHS FOUNDATION TRUST","Y55","Q78","99 WAVERLEY ROAD","","","ST. ALBANS","HERTFORDSHIRE","AL3 5TL","20010401","","","","","","","","","","","0","","E","","",""
"RWV","DEVON PARTNERSHIP NHS TRUST","Y57","Q80","WONFORD HOUSE HOSPITAL","DRYDEN ROAD","","EXETER","DEVON","EX2 5AF","20010401","","","","","","","","","","","0","","K","","",""
"RWW","WARRINGTON AND HALTON HOSPITALS NHS FOUNDATION TRUST","Y54","Q75","WARRINGTON HOSPITAL","LOVELY LANE","","WARRINGTON","CHESHIRE","WA5 1QG","20010401","","","","","","","","","","","0","","B","","",""
"RWX","BERKSHIRE HEALTHCARE NHS FOUNDATION TRUST","Y57","Q82","FITZWILLIAM HOUSE","SKIMPED HILL LANE","","BRACKNELL","BERKSHIRE","RG12 1BQ","20010401","","","","","","","","","","","0","","J","","",""
"RWY","CALDERDALE AND HUDDERSFIELD NHS FOUNDATION TRUST","Y54","Q72","ROYAL INFIRMARY","ACRE STREET","","HUDDERSFIELD","WEST YORKSHIRE","HD3 3EA","20010401","","","","","","","","","","","0","","D","","",""
"RX1","NOTTINGHAM UNIVERSITY HOSPITALS NHS TRUST","Y55","Q76","TRUST HEADQUARTERS","QUEENS MEDICAL CENTRE","DERBY ROAD","NOTTINGHAM","NOTTINGHAMSHIRE","NG7 2UH","20060401","","","","","","","","","","","0","","E","","",""
"RX2","SUSSEX PARTNERSHIP NHS FOUNDATION TRUST","Y57","Q81","ASSESSMENT AND TREATMENT CENTRE","CHAPEL STREET","","CHICHESTER","WEST SUSSEX","PO19 1BX","20060401","","","","","","","","","","","1","","J","","",""
"RX3","TEES, ESK AND WEAR VALLEYS NHS FOUNDATION TRUST","Y54","Q74","TRUST HEADQUARTERS","WEST PARK HOSPITAL","EDWARD PEASE WAY","DARLINGTON","COUNTY DURHAM","DL2 2TS","20060401","","","","","","","","","","","0","","A","","",""
"RX4","NORTHUMBERLAND, TYNE AND WEAR NHS FOUNDATION TRUST","Y54","Q74","ST. NICHOLAS HOSPITAL","JUBILEE ROAD","GOSFORTH","NEWCASTLE UPON TYNE","TYNE AND WEAR","NE3 3XT","20060401","","","","","","","","","","","0","","A","","",""
"RX6","NORTH EAST AMBULANCE SERVICE NHS FOUNDATION TRUST","Y54","Q74","BENICIA HOUSE","GOLDCREST WAY","NEWBURN RIVERSIDE","NEWCASTLE UPON TYNE","TYNE AND WEAR","NE15 8NY","20060701","","","","","","","","","","","0","","A","","",""
"RX7","NORTH WEST AMBULANCE SERVICE NHS TRUST","Y54","Q83","LADYBRIDGE HALL","399 CHORLEY NEW ROAD","","BOLTON","LANCASHIRE","BL1 5DD","20060701","","","","","","","","","","","1","","B","","",""
"RX8","YORKSHIRE AMBULANCE SERVICE NHS TRUST","Y54","Q72","SPRINGHILL 2,","WAKEFIELD 41 INDUSTRIAL ESTATE","BRINDLEY WAY","WAKEFIELD","WEST YORKSHIRE","WF2 0XQ","20060701","","","","","","","","","","","0","","D","","",""
"RX9","EAST MIDLANDS AMBULANCE SERVICE NHS TRUST","Y55","Q76","1 HORIZON PLACE","MELLORS WAY","NOTTINGHAM BUSINESS PARK","NOTTINGHAM","NOTTINGHAMSHIRE","NG8 6PY","20060701","","","","","","","","","","","0","","E","","",""
"RXA","CHESHIRE AND WIRRAL PARTNERSHIP NHS FOUNDATION TRUST","Y54","Q75","TRUST BOARD OFFICES","UPTON LEA RESOURCE CENTRE","THE COUNTESS OF CHESTER HEALTH PARK","CHESTER","CHESHIRE","CH2 1BQ","20020401","","","","","","","","","","","0","","B","","",""
"RXC","EAST SUSSEX HEALTHCARE NHS TRUST","Y57","Q81","ST. ANNES HOUSE","729 THE RIDGE","","ST. LEONARDS-ON-SEA","EAST SUSSEX","TN37 7PT","20020401","","","","","","","","","","","0","","J","","",""
"RXE","ROTHERHAM DONCASTER AND SOUTH HUMBER NHS FOUNDATION TRUST","Y54","Q72","ST. CATHERINE'S HOUSE","ST. CATHERINE'S HOSPITAL","TICKHILL ROAD","DONCASTER","SOUTH YORKSHIRE","DN4 8QN","20040401","","","","","","","","","","","0","","D","","",""
"RXF","MID YORKSHIRE HOSPITALS NHS TRUST","Y54","Q72","ROWAN HOUSE","ABERFORD ROAD","","WAKEFIELD","WEST YORKSHIRE","WF1 4EE","20020401","","","","","","","","","","","0","","D","","",""
"RXG","SOUTH WEST YORKSHIRE PARTNERSHIP NHS FOUNDATION TRUST","Y54","Q72","TRUST HEADQUARTERS","FIELDHEAD","OUCHTHORPE LANE","WAKEFIELD","WEST YORKSHIRE","WF1 3SP","20020401","","","","","","","","","","","0","","D","","",""
"RXH","BRIGHTON AND SUSSEX UNIVERSITY HOSPITALS NHS TRUST","Y57","Q81","ROYAL SUSSEX COUNTY HOSPITAL","EASTERN ROAD","","BRIGHTON","EAST SUSSEX","BN2 5BE","20020401","","","","","","","","","","","0","","J","","",""
"RXK","SANDWELL AND WEST BIRMINGHAM HOSPITALS NHS TRUST","Y55","Q77","CITY HOSPITAL","DUDLEY ROAD","","BIRMINGHAM","WEST MIDLANDS","B18 7QH","20020401","","","","","","","","","","","0","","F","","",""
"RXL","BLACKPOOL TEACHING HOSPITALS NHS FOUNDATION TRUST","Y54","Q84","VICTORIA HOSPITAL","WHINNEY HEYS ROAD","","BLACKPOOL","LANCASHIRE","FY3 8NR","20020401","","","","","","","","","","","1","","B","","",""
"RXM","DERBYSHIRE HEALTHCARE NHS FOUNDATION TRUST","Y55","Q76","TRUST HEADQUARTERS","KINGSWAY HOSPITAL","KINGSWAY","DERBY","DERBYSHIRE","DE22 3LZ","20020401","","","","","","","","","","","0","","E","","",""
"RXN","LANCASHIRE TEACHING HOSPITALS NHS FOUNDATION TRUST","Y54","Q84","CHIEF EXECUTIVE'S OFFICE","ROYAL PRESTON HOSPITAL","SHAROE GREEN LANE, FULWOOD","PRESTON","LANCASHIRE","PR2 9HT","20020801","","","","","","","","","","","1","","B","","",""
"RXP","COUNTY DURHAM AND DARLINGTON NHS FOUNDATION TRUST","Y54","Q74","DARLINGTON MEMORIAL HOSPITAL","HOLLYHURST ROAD","","DARLINGTON","COUNTY DURHAM","DL3 6HX","20021001","","","","","","","","","","","0","","A","","",""
"RXQ","BUCKINGHAMSHIRE HEALTHCARE NHS TRUST","Y57","Q82","AMERSHAM HOSPITAL","WHIELDEN STREET","","AMERSHAM","BUCKINGHAMSHIRE","HP7 0JD","20030401","","","","","","","","","","","0","","J","","",""
"RXR","EAST LANCASHIRE HOSPITALS NHS TRUST","Y54","Q84","ROYAL BLACKBURN HOSPITAL","HASLINGDEN ROAD","","BLACKBURN","LANCASHIRE","BB2 3HH","20030401","","","","","","","","","","","1","","B","","",""
"RXT","BIRMINGHAM AND SOLIHULL MENTAL HEALTH NHS FOUNDATION TRUST","Y55","Q77","UNIT 1","50 SUMMER HILL ROAD","","BIRMINGHAM","WEST MIDLANDS","B1 3RB","20030401","","","","","","","","","","","0","","F","","",""
"RXV","GREATER MANCHESTER WEST MENTAL HEALTH NHS FOUNDATION TRUST","Y54","Q83","PRESTWICH HOSPITAL","BURY NEW ROAD","PRESTWICH","MANCHESTER","GREATER MANCHESTER","M25 3BL","20030401","","","","","","","","","","","1","","B","","",""
"RXW","SHREWSBURY AND TELFORD HOSPITAL NHS TRUST","Y55","Q76","MYTTON OAK ROAD","","","SHREWSBURY","SHROPSHIRE","SY3 8XQ","20031001","","","","","","","","","","","0","","E","","",""
"RXX","SURREY AND BORDERS PARTNERSHIP NHS FOUNDATION TRUST","Y57","Q81","18 MOLE BUSINESS PARK","RANDALLS ROAD","","LEATHERHEAD","SURREY","KT22 7AD","20050401","","","","","","","","","","","0","","J","","",""
"RXY","KENT AND MEDWAY NHS AND SOCIAL CARE PARTNERSHIP TRUST","Y57","Q81","35 KINGS HILL AVENUE","KINGS HILL","","WEST MALLING","KENT","ME19 4AX","20060401","","","","","","","","","","","0","","J","","",""
"RY1","LIVERPOOL COMMUNITY HEALTH NHS TRUST","Y54","Q75","2 ENTERPRISE WAY","","","LIVERPOOL","MERSEYSIDE","L13 1FB","20101101","","","","","","","","","","","0","","B","","",""
"RY2","BRIDGEWATER COMMUNITY HEALTHCARE NHS FOUNDATION TRUST","Y54","Q83","BEVAN HOUSE","17 BEECHAM COURT","","WIGAN","LANCASHIRE","WN3 6PR","20101101","","","","","","","","","","","1","","B","","",""
"RY3","NORFOLK COMMUNITY HEALTH AND CARE NHS TRUST","Y55","Q79","ELLIOT HOUSE","130 BER STREET","","NORWICH","NORFOLK","NR1 3FR","20101101","","","","","","","","","","","0","","G","","",""
"RY4","HERTFORDSHIRE COMMUNITY NHS TRUST","Y55","Q78","14 TEWIN ROAD","","","WELWYN GARDEN CITY","HERTFORDSHIRE","AL7 1BW","20101101","","","","","","","","","","","0","","E","","",""
"RY5","LINCOLNSHIRE COMMUNITY HEALTH SERVICES NHS TRUST","Y55","Q78","BEECH HOUSE","WITHAM PARK","WATERSIDE SOUTH","LINCOLN","LINCOLNSHIRE","LN5 7JH","20110401","","","","","","","","","","","0","","E","","",""
"RY6","LEEDS COMMUNITY HEALTHCARE NHS TRUST","Y54","Q72","STOCKDALE HOUSE","8 VICTORIA ROAD","","LEEDS","WEST YORKSHIRE","LS6 1PF","20110401","","","","","","","","","","","0","","D","","",""
"RY7","WIRRAL COMMUNITY NHS FOUNDATION TRUST","Y54","Q75","OLD MARKET HOUSE","HAMILTON STREET","","BIRKENHEAD","MERSEYSIDE","CH41 5AL","20110401","","","","","","","","","","","1","","B","","",""
"RY8","DERBYSHIRE COMMUNITY HEALTH SERVICES NHS FOUNDATION TRUST","Y55","Q76","NEWHOLME HOSPITAL","BASLOW ROAD","","BAKEWELL","DERBYSHIRE","DE45 1AD","20110401","","","","","","","","","","","0","","E","","",""
"RY9","HOUNSLOW AND RICHMOND COMMUNITY HEALTHCARE NHS TRUST","Y56","Q71","THAMES HOUSE","180 - 194 HIGH STREET","","TEDDINGTON","MIDDLESEX","TW11 8HU","20110401","","","","","","","","","","","0","","H","","",""
"RYA","WEST MIDLANDS AMBULANCE SERVICE NHS FOUNDATION TRUST","Y55","Q77","WATERFRONT BUSINESS PARK","WATERFRONT WAY","","BRIERLEY HILL","WEST MIDLANDS","DY5 1LX","20060701","","","","","","","","","","","0","","F","","",""
"RYC","EAST OF ENGLAND AMBULANCE SERVICE NHS TRUST","Y55","Q79","AMBULANCE STATION","HOSPITAL LANE","HELLESDON","NORWICH","NORFOLK","NR6 5NA","20060701","","","","","","","","","","","0","","G","","",""
"RYD","SOUTH EAST COAST AMBULANCE SERVICE NHS FOUNDATION TRUST","Y57","Q81","40-42 FRIARS WALK","","","LEWES","EAST SUSSEX","BN7 2XW","20060701","","","","","","","","","","","0","","J","","",""
"RYE","SOUTH CENTRAL AMBULANCE SERVICE NHS FOUNDATION TRUST","Y57","Q82","7-8 TALISMAN ROAD","","","BICESTER","OXFORDSHIRE","OX26 6HR","20060701","","","","","","","","","","","0","","J","","",""
"RYF","SOUTH WESTERN AMBULANCE SERVICE NHS FOUNDATION TRUST","Y57","Q80","WESTCOUNTRY HOUSE","ABBEY COURT, EAGLE WAY","SOWTON INDUSTRIAL ESTATE","EXETER","DEVON","EX2 7HY","20060701","","","","","","","","","","","0","","K","","",""
"RYG","COVENTRY AND WARWICKSHIRE PARTNERSHIP NHS TRUST","Y55","Q77","WAYSIDE HOUSE","WILSONS LANE","","COVENTRY","WEST MIDLANDS","CV6 6NY","20061001","","","","","","","","","","","0","","F","","",""
"RYJ","IMPERIAL COLLEGE HEALTHCARE NHS TRUST","Y56","Q71","ST. MARYS HOSPITAL","PRAED STREET","","LONDON","GREATER LONDON","W2 1NY","20071001","","","","","","","","","","","0","","H","","",""
"RYK","DUDLEY AND WALSALL MENTAL HEALTH PARTNERSHIP NHS TRUST","Y55","Q77","TRAFALGAR HOUSE","47-49 KING STREET","","DUDLEY","WEST MIDLANDS","DY2 8PS","20081001","","","","","","","","","","","0","","F","","",""
"RYR","WESTERN SUSSEX HOSPITALS NHS FOUNDATION TRUST","Y57","Q81","WORTHING HOSPITAL","LYNDHURST ROAD","","WORTHING","WEST SUSSEX","BN11 2DH","20090401","","","","","","","","","","","0","","J","","",""
"RYT","PUBLIC HEALTH WALES NHS TRUST","W00","Q99","14 CATHEDRAL ROAD","","","CARDIFF","SOUTH GLAMORGAN","CF11 9LJ","20091001","","","","","","","","","","","0","","W","","",""
"RYV","CAMBRIDGESHIRE COMMUNITY SERVICES NHS TRUST","Y55","Q79","UNIT 3","MEADOW LANE","","ST. IVES","CAMBRIDGESHIRE","PE27 4LG","20100401","","","","","","","","","","","0","","G","","",""
"RYW","BIRMINGHAM COMMUNITY HEALTHCARE NHS FOUNDATION TRUST","Y55","Q77","3, PRIESTLEY WHARF","HOLT STREET,","BIRMINGHAM SCIENCE PARK, ASTON","BIRMINGHAM","WEST MIDLANDS","B7 4BN","20101101","","","","","","","","","","","1","","F","","",""
"RYX","CENTRAL LONDON COMMUNITY HEALTHCARE NHS TRUST","Y56","Q71","7TH FLOOR","64 VICTORIA STREET","","LONDON","GREATER LONDON","SW1E 6QP","20101101","","","","","","","","","","","0","","H","","",""
"RYY","KENT COMMUNITY HEALTH NHS FOUNDATION TRUST","Y57","Q81","UNIT D, THE OAST","HERMITAGE COURT","BARMING","MAIDSTONE","KENT","ME16 9NT","20101101","","","","","","","","","","","0","","J","","",""
